HOPITAL ANDRANOMADIO - LISTE DES ARTICLES,,,,,,,,,
,,,,,,,,,
Tous les articles,,,,,,,,,Edité le 25/10/2022
Code,Désignation,Référence 1,Référence 2,Stock,Unité,Px revient,Valeur,Colisage,Emplacemt
,,,,0,,0,0,,
11-001,ALBENDAZOLE 400 MG CP,,,7272,Cp,0,0,  7272 Cp,
11-002,ALBENDAZOLE 400MG SP,,,211,SP,0,0,  211 SP,
11-003,PRAZIQUANTEL CP 600 MG,,,4770,Cp,0,0,  9 Bte+270 Cp,
11-004,ALBENDAZOLE 200MG SP,,,0,fl,0,0,,
11-005,CARBAMAZAPINE 200MG CP,,,760,cp,0,0,  760 cp,
12-001,ACIDE BENZOIC 6%  POMMADE 40G,,,14,tube,0,0,  14 tube,
12-002,BETHAMETASONE CREME,,,159,tube,0,0,  159 tube,
12-003,BIAFINE EMULSION 93G CREME,,,65,tube,0,0,  65 tube,
12-004,CLOTRIMAZOLE CREME 1%,,,13,TUBE,0,0,  13 TUBE,
12-005,CLOTRIMAZOLE OVULE,,,0,Ov,0,0,,
12-006,GRISEOFULVINE 500MG CP,,,417,cp,0,0,  417 cp,
12-007,GRISEOFULVINE CP 125MG,,,840,Cp,0,0,  840 Cp,
12-008,MELADININE CP,,,0,CP,0,0,,
12-009,MICONAZOLE POMMADE,,,91,TUBE,0,0,  91 TUBE,
12-010,NEOMYCINE CREME 10G,,,10,Tube,0,0,  10 Tube,
12-011,NYSTATINE CP 500UI,,,20587,Cp,0,0,  205 Bte+87 Cp,
12-012,NYSTATINE OVULE,,,1386,Ov,0,0,  13 Bte+86 Ov,
12-013,NYSTATINE POMMADE,,,1,tube,0,0,  1 tube,
12-015,ITACARE 100MG GELULES,,,0,gelule,0,0,,
12-016,CLOTRIMAZOLE VAGINAL CREME,,,0,tube,0,0,,
12-017,BINAFIN 1% CREME,,,102,tube,0,0,  102 tube,
12-018,CELESTENE 4MG INJ,,,31,AMP,0,0,  31 AMP,
13-001,ARTESUNATE CP,,,0,cp,0,0,,
13-003,FANSIDAR CP 525MG,,,0,Cp,0,0,,
13-004,QUININE INJ 600MG,,,70,amp,0,0,  70 amp,
13-005,TEST MALARIA,,,0,u,0,0,,
13-006,QUININE 300MG CP,,,0,cp,0,0,,
13-007,ARTESUNATE INJ,,,69,amp,0,0,  69 amp,
14-001,BETADINE  VERT  VAGINAL,,,0,ml,0,0,,
14-002,BETADINE (SCRUB SOLUTION )100ML,,,0,FL/,0,0,,
14-003,BETADINE JAUNE 500ML,,,40500,ml,0,0,  40500 ml,
14-004,FORMOL LIQUIDE 500ML,,,0,FL/,0,0,,
19-001,NORADRENALINE INJ,,,0,amp,0,0,,
21-002,AMOXYCILLINE GELULES 500 MG,,,11538,Gel,0,0,  11538 Gel,
21-003,AMOXICILLINE SIROP 125MG,,,151,sp,0,0,  151 sp,
21-004,AMOXICILLINE SIROP 250MG,,,235,FL,0,0,  235 FL,
21-005,AMPICILLINE GELULES 500MG,,,0,gel,0,0,,
21-006,AMPICILLINE INJ 1 G,,,1082,amp,0,0,  1082 amp,
21-007,AMPICILLINE INJ 500 MG,,,0,Amp,0,0,,
21-008,AMPICILLINE SIROP 125 MG 60 CC,,,0,Flc,0,0,,
21-009,AMPICILLINE SIROP 250 MG 60 CC,,,0,Flc,0,0,,
21-010,HICONCYL  500MG  SP,,,0,sp,0,0,,
21-011,CLOXACILLINE CP 500MG,,,4195,CP,0,0,  4195 CP,
21-012,EXTENCILLINE INJ 2M400,,,0,Flc,0,0,,
21-013,PENICILLINE INJ 1M,,,3457,Flc,0,0,  69 Bte+7 Flc,
21-014,CEFTRIAXONE INJ 1G,,,3664,FLC,0,0,  3664 FLC,
21-015,FLEMING 500MG SP,,,96,fl,0,0,  96 fl,
21-016,FIXIM (CEFIXIM) CP 200MG,,,638,cp,0,0,  638 cp,
21-017,CEFALEXINE 500MG CP,,,3000,CP,0,0,  3000 CP,
21-018,CEFTRIAXONE 250MG,,,0,INJ,0,0,,
21-019,CLOXACILLINE 250MG,,,0,cp,0,0,,
21-020,AMOXI-CLAV CP,,,4351,cp,0,0,  4351 cp,
21-021,FIXIM SIROP,,,0,fl,0,0,,
21-022,CLAMOXYL  125MG  SP,,,0,sp,0,0,,
21-023,CLAMOXYL  250MG  SP,,,0,sp,0,0,,
21-024,NOVACLAV  125MG  SP,,,0,sp,0,0,,
21-025,CLOXACILLINE  250MG  SP,,,0,sp,0,0,,
21-026,CEFTRIAXONE  500MG  INJ,,,0,amp,0,0,,
21-027,CEFOXITIN 1G,,,0,INJ,0,0,,
21-028,CEFOTAXIM 1G INJ,,,0,amp,0,0,,
21-029,GRAMOCEF 050 SP,,,0,sp,0,0,,
21-030,ORELOX 40MG SP,,,0,sp,0,0,,
21-031,OROKEN 100MG SP,,,100,sp,0,0,  100 sp,
21-032,GRAMOCEF 0-50 SP,,,73,sp,0,0,  73 sp,
21-033,OROKEN 40MG SP,,,0,FL/,0,0,,
21-034,CEFALEXINE 125MG SP,,,0,FL/,0,0,,
21-035,FLEMING 250MG SP,,,0,FL/,0,0,,
21-036,MEROPENEM INJ,,,0,amp,0,0,,
21-037,AMOXI-CLAV INJ,,,1,amp,0,0,  1 amp,
21-038,FLEMING 1G/200MG INJ,,,20,AMP,0,0,  20 AMP,
22-001,DOXYCICLINE CP 100MG,,,2398,CP,0,0,  2398 CP,
22-002,TETRACYCLINE GELULES 250 MG,,,600,Gel,0,0,  6 Bte,
22-003,LINCOMYCINE 600MG/2ML INJ,,,194,amp,0,0,  194 amp,
22-004,TETRA OPHTALMIQUE POMMADE,,,40,tube,0,0,  40 tube,
23-001,ERYTHROMICINE CP 250 MG,,,0,Cp,0,0,,
23-002,ERYTHROMICINE CP 500 MG,,,1323,Cp,0,0,  1 Bte+323 Cp,
23-003,ERYTHROMICINE SIROP 125MG,,,53,Flc,0,0,  53 Flc,
23-004,"ROVAMYCIN 1,5 M UI CP",,,6,CP,0,0,  6 CP,
23-005,ROVAMYCINE 3M CP,,,378,CP,0,0,  378 CP,
23-006,ROXILIN-150MG CP,,,2219,cp,0,0,  2219 cp,
23-007,MACROMYCINE 3 M.I.U CP,,,0,cp,0,0,,
23-008,ERYTHROMYCINE SIROP 250MG,,,0,,0,0,,
23-009,"MACROMYCINE 1,5M CP",,,358,cp,0,0,  358 cp,
24-001,AZIK 500MG CP ( AZITHROMYCINE ),,,3102,cp,0,0,  3102 cp,
24-002,METRONIDAZOLE CP 250 MG,,,0,Cp,0,0,,
24-003,METRONIDAZOLE CP 500MG,,,3511,CP,0,0,  3511 CP,
24-004,METRONIDAZOLE INJ 500MG,,,1366,AMP,0,0,  1366 AMP,
24-005,METRONIDAZOLE OVULE 500 MG,,,0,Ov,0,0,,
24-006,METRONIDAZOLE SIROP 125 MG,,,89,Flc,0,0,  89 Flc,
24-007,NUCLEO -CMP FORTE  CP,,,899,cp,0,0,  899 cp,
24-008,AZITROMYCINE 200MG SP,,,0,FL/,0,0,,
24-009,DATIZOLE 500MG CP,,,0,CP,0,0,,
24-010,FLAGYL 500MG CP,,,0,cp,0,0,,
24-011,AZITROMYCINE 250MG CP,,,53,cp,0,0,  53 cp,
25-001,THIOBACTIN,,,2153,cp,0,0,  2153 cp,
25-002,BACTRIM CP 480MG,,,2368,cp,0,0,  2368 cp,
25-003,BACTRIM SIROP,,,81,sp,0,0,  81 sp,
25-004,S.R.O SACHET,,,8200,scht,0,0,  8200 scht,
26-001,GENTAMYCINE INJ 80MG,,,366,INJ,0,0,  366 INJ,
26-002,"GENTAMYCINE 0,3% COLLYRE",,,35,FL/,0,0,  35 FL/,
26-003,GENTAMYCINE 20MG,,,0,,0,0,,
27-001,CIPROFLOXACINE CP 500 MG,,,12763,cp,0,0,  12763 cp,
27-002,CIPROFLOXACINE 200MG INJ 100ML,,,803,Flc,0,0,  803 Flc,
27-003,NORFLOXACINE  CP 400MG,,,0,cp,0,0,,
27-004,LEVOFLOXACINE 500 CP,,,0,cp,0,0,,
27-005,CIPROZOLE(CIPRO-TINIDAZOLE) CP,,,0,cp,0,0,,
28-002,TULLE GRAS,,,134,,0,0,134,
29-001,ORACEFAL 125MG SP,,,0,FL/,0,0,,
29-002,ORACEPHAL 250 MG SP,,,0,flc,0,0,,
31-002,ACETAMINOPHENE 325MG,,,0,CP,0,0,,
31-007,DOLIPRANE 1G CP EFF,,,1501,cp,0,0,  1501 cp,
31-008,DOLIPRANE AD 1000MG SUPPO,,,1,sup,0,0,  1 sup,
31-009,EFFERALGAN  300MG  SUPPO,,,0,sup,0,0,,
31-010,EFFERALGAN  CODEINE  CP  EFF,,,0,CP,0,0,,
31-011,EFFERALGAN 1G  CP  EFF,,,27,cp,0,0,  27 cp,
31-012,EFFERALGAN 500MG CP EFFERV,,,1262,Cp,0,0,  1262 Cp,
31-014,PARACETAMOL CP 500MG,,,4994,cp,0,0,  4994 cp,
31-015,PARACETAMOL SIROP 60 CC,,,348,sp,0,0,  348 sp,
31-016,PARACETAMOL SUPPO 125 MG,,,628,sup,0,0,  6 Bte+28 sup,
31-017,PARACETAMOL SUPPO 250 MG,,,492,sup,0,0,  4 Bte+92 sup,
31-018,PARAFIZZ 500 MG CP,,,9532,Cp,0,0,  198 Bte+28 Cp,
31-019,PERFALGAN INJ 1G,,,23,flc,0,0,  23 flc,
31-026,DOLIPRANE 500MG CP EFF,,,3089,cp,0,0,  3089 cp,
31-027,DAFALGAN CODEINE CP,,,0,cp,0,0,,
31-028,TAMIN 10MG INJ,,,0,inj,0,0,,
31-029,DAFALGAN 500MG CP,,,0,cp,0,0,,
31-030,PERFALGAN INJ 500MG,,,0,fl/,0,0,,
31-031,DOLIPRANE 300MG SUPPO,,,184,sup,0,0,  184 sup,
31-032,PARACETAMOL 1000MG CP,,,0,cp,0,0,,
31-033,VOLTARENE EMULGEL 1% 50G,,,22,tube,0,0,  22 tube,
31-034,ACETAMINOPHENE 325MG SUPPO,,,0,sup,0,0,,
31-035,ACETAMINOPHENE 120MG SUPPO,,,0,sup,0,0,,
31-036,EFFERALGAN 600MG SUPPO,,,2,sup,0,0,  2 sup,
31-037,PANADOL 500MG CP EFF,,,40,CP,0,0,  40 CP,
31-038,EFFERALGAN 150MG SUPPO,,,0,sup,0,0,,
31-040,EFFERALGAN 1G CP PELLICULES,,,0,cp,0,0,,
31-041,DOLIPRANE 200MG SUPPO,,,0,SUP,0,0,,
31-042,DOLIPRANE 150MG SUPPO,,,0,sup,0,0,,
31-043,PARACETAMOL 1G INJ,,,1513,fl/,0,0,  1513 fl/,
31-044,ASPEGIC 500MG SACHETS,,,400,s,0,0,  400 s,
31-045,DOLIPRANE 1G CP,,,206,cp,0,0,  206 cp,
32-001,TRAMADOL CP 100 MG,,,0,cp,0,0,,
32-002,TRAMADOL CP 50MG,,,1097,cp,0,0,  1097 cp,
32-003,TRAMADOL+PARACETAMOL 50MG CP,,,0,cp,0,0,,
32-004,PETHIDINE 100 MG INJ,,,0,Amp,0,0,,
32-005,ACCUPAN INJ,,,550,INJ,0,0,  550 INJ,
32-007,ATEPADENE 30MG  GELULES,,,0,gelule,0,0,,
32-008,TRAMADOL DENK 50MG CP EFF,,,506,cp,0,0,  506 cp,
32-009,ZAMUDOL 50MG CP,,,0,CP,0,0,,
32-010,TRAMADOL DENK INJ 100MG/2ML,,,86,amp,0,0,  86 amp,
32:010,TYLENOL 500MG,,,0,CP,0,0,,
33-001,DITROPAN CP 5MG,,,69,cp,0,0,  69 cp,
33-002,NO-SPA CP,,,615,cp,0,0,  615 cp,
33-003,NO-SPA INJ,,,3,amp,0,0,  3 amp,
33-004,SPASFON INJ,,,23,inj,0,0,  23 inj,
33-006,HYOSCINE INJ 10 MG,,,0,Amp,0,0,,
33-007,SPASFON SUPPO,,,188,sup,0,0,  188 sup,
34-003,ASPIRINE CP 100 MG,,,0,Cp,0,0,,
34-004,ASPIRINE CP 500 MG,,,789,Cp,0,0,  789 Cp,
34-006,DICLOFENAC INJ,,,59,Amp,0,0,  59 Amp,
34-007,DICLOFENAC POMMADE,,,232,Tube,0,0,  232 Tube,
34-008,DICLOFENAC SUPPO ADULTE 100MG,,,339,SUPP,0,0,  339 SUPP,
34-013,IBUGESIC SIROP 100 CC,,,9,Flc,0,0,  9 Flc,
34-014,IBUPROFEN CP 400 MG,,,0,Cp,0,0,,
34-015,IBUPROFENE CP 200MG,,,1181,CP,0,0,  1181 CP,
34-017,MAXILASE 3000UI CP,,,0,cp,0,0,,
34-020,NIFLUGEL POMMADE 60 G,,,66,Tube,0,0,  66 Tube,
34-021,NIFLURIL 250 MG GELLULES,,,916,Gel,0,0,  30 Bte+16 Gel,
34-022,NIFLURIL 400 MG SUPPO,,,416,suppo,0,0,  416 suppo,
34-023,NIFLURIL 700MG SUPPO ADULTES,,,945,SUP,0,0,  945 SUP,
34-024,NIM 100 MG,,,974,cp,0,0,  974 cp,
34-025,ODY VATO,,,0,sachet,0,0,,
34-026,PHYTOCALCUL,,,0,SACHET,0,0,,
34-027,PHYTOPROSTATE,,,0,SACHET,0,0,,
34-030,PROFENID 100MG INJ,,,221,inj,0,0,  221 inj,
34-036,ADVIL 200MG CP,,,0,Cp,0,0,,
34-040,ASPIRINE 325MG CP,,,0,Cp,0,0,,
34-041,PROFENID SUPPO,,,0,sup,0,0,,
34-042,STRUCTUM CP,,,0,cp,0,0,,
34-043,NAPROXENE 250MG CP,,,0,cp,0,0,,
34-044,ZERODOL- P 100MG/ 500MG CP,,,6002,CP,0,0,  6002 CP,
35-001,DEXAMETHAZONE INJ 4MG,,,1394,FLC,0,0,  1394 FLC,
35-002,HYDROCORTISONE 100 MG INJ,,,87,Amp,0,0,  87 Amp,
35-004,HYDROCORTISONE CREME 1%,,,0,tube,0,0,,
35-005,HYDROCORTISONE PDE,,,0,Tube,0,0,,
35-007,PREDNISOLONE CP 5MG,,,6006,cp,0,0,  6006 cp,
35-008,SOLUMEDROL 40MG INJ,,,0,inj,0,0,,
35-009,SYNACTHENE IMMEDIAT  INJ,,,0,AMP,0,0,,
35-010,SYNACTHENE RETARD INJ,,,0,amp,0,0,,
35-011,TRIAM DENK INJ,,,72,amp,0,0,  72 amp,
35-012,SOLUPRED 20MG CP,,,0,cp,0,0,,
35-013,KENACORT RETARD 40MG INJ,,,9,amp,0,0,  9 amp,
36-001,RUBIGEL 30G,,,210,tube,0,0,  210 tube,
39-001,VAHONA SIROP,,,0,flc,0,0,,
39-002,DISTEM CP,,,0,cp,0,0,,
41-001,ACTICARBINE  CP,,,0,Cp,0,0,,
41-002,CHARBON CP,,,2779,CP,0,0,  2779 CP,
41-003,CHOPHYTOL CP,,,1312,CP,0,0,  1312 CP,
41-004,CIMETIDINE INJ 200MG,,,0,AMP,0,0,,
41-005,CIMETIDINE CP 200MG,,,0,CP,0,0,,
41-006,CIMETIDINE CP 400MG,,,0,CP,0,0,,
41-007,DIGUSIL CP,,,0,CP,0,0,,
41-008,DIGUSIL SIROP,,,321,FLC,0,0,  321 FLC,
41-009,DOMPERIDONE,,,45,FLC,0,0,  45 FLC,
41-011,METOCLOPRAMIDE CP,,,1194,Cp,0,0,  11 Bte+94 Cp,
41-012,METOCLOPRAMIDE INJ,,,486,AMP,0,0,  486 AMP,
41-013,OMEPRAZOLE 20 MG CP,,,6487,cp,0,0,  6487 cp,
41-014,ACTAPULGITE 1G,,,0,sachet,0,0,,
41-015,ACTAPULGITE 3G,,,0,sachet,0,0,,
41-016,VOGALENE SUPPO,,,417,SUP,0,0,  417 SUP,
41-017,GLYCERINE SUPPO ENFANT,,,114,sup,0,0,  114 sup,
41-018,MICROLAX BEBE,,,39,suppo,0,0,  39 suppo,
41-020,ULTRA LEVURE 100MG SACHETS,,,1,sachet,0,0,  1 sachet,
41-021,PRIMPERAN 10MG INJ,,,0,amp,0,0,,
41-022,MICROLAX ADULTE,,,1,suppo,0,0,  1 suppo,
41-023,FORLAX  10G  SP,,,0,sp,0,0,,
41-024,OMEPRAZOLE 40 MG INJECTABLE,,,537,AMP,0,0,  537 AMP,
41-025,VOGALENE INJ,,,145,inj,0,0,  145 inj,
41-026,MANDRAVASAROTRA SP,,,0,sp,0,0,,
41-027,MADETOXYL SIROP 125ML,,,99,FLC,0,0,  99 FLC,
41-028,BOLINAN  CP,,,0,cp,0,0,,
41-029,GAVISCON  150ML SP,,,0,sp,0,0,,
41-030,MAALOX SACHET,,,1119,s,0,0,  1119 s,
41-031,GAVISON CP,,,0,CP,0,0,,
41-033,APDHYL-H SP,,,0,sp,0,0,,
41-034,SYLIMARIN  140MG  CP,,,0,cp,0,0,,
41-035,ULTRA LEVURE 50MG CP,,,200,cp,0,0,  200 cp,
41-037,SILYMARIN 140MG CP,,,1344,cp,0,0,  1344 cp,
41-038,GLYCERINE ADULTE SUPPO,,,195,sup,0,0,  195 sup,
41-039,GLYCERINE NOURISSON  SUPPO,,,47,sup,0,0,  47 sup,
41-041,"VOGALENE 7,5MG  CP",,,0,cp,0,0,,
41-042,GAVISCON SUSPENSION BUV 10ML,,,0,s,0,0,,
41-043,CARBOPHOS CP,,,0,cp,0,0,,
41-044,DUPHALAC SACHETS,,,407,s,0,0,  407 s,
41-045,ANTACID CP,,,0,cp,0,0,,
41-046,GAVISCON 250ML SP,,,0,fl,0,0,,
41-047,LANSOPRAZOLE-AMOXI-CLARITHROMYCI,,,0,cp,0,0,,
41-048,MAALOX  250ML SP,,,0,FL/,0,0,,
41-049,SPAGULAX SACHET,,,0,s/,0,0,,
41-050,DUPHALAC 200ML SP,,,0,fl,0,0,,
41-051,OMEPRAZOLE 40MG GELULE,,,0,gel,0,0,,
41-052,TIORFAN 10MG SACHETS,,,292,sachet,0,0,  292 sachet,
41-053,MADETOXYL SIROP ML,,,0,ml,0,0,,
41-054,TIORFAN 100MG CAPSUL,TIORPHA,,852,cp,0,0,  852 cp,
41-055,ULTRALEVURE 250MG GELULE,,,253,gel,0,0,  253 gel,
41-056,MACROGOL SACHETS,,,13,s,0,0,  13 s,
41-057,PANTONEX DR-40 CP,,,689,cp,0,0,  689 cp,
49-001,LAXATIVE  CP,,,0,cp,0,0,,
49-002,SMECTA POUDRE,,,323,sch,0,0,  323 sch,
49-003,TINIDAZOLE CP,,,0,cp,0,0,,
51-001,ATROPINE INJ,,,0,Amp,0,0,,
51-003,BUPIVACAINE 20ML INJ,,,3,fl/,0,0,  3 fl/,
51-004,DIAZEPAM CP 5 MG,,,198,Cp,0,0,  198 Cp,
51-005,DIAZEPAM INJ 10 MG,,,157,Amp,0,0,  157 Amp,
51-009,FENTANYL 100UG INJ,,,403,AMP,0,0,  403 AMP,
51-010,FLUOTHANE 250 CC,,,37,Flc,0,0,  37 Flc,
51-011,KETAMINE INJ,,,38,Amp,0,0,  38 Amp,
51-012,LIDOCAINE 2% 30 ML INJ,,,7,Flc,0,0,  7 Flc,
51-014,MANNITOL 250ML,,,279,flc,0,0,  279 flc,
51-015,MIDAZOLAM INJ,,,0,FL/,0,0,,
51-016,PANCUROMIUM 4MG/2ML,,,60,AMP,0,0,  60 AMP,
51-017,PROPOFOL INJ,,,275,flc,0,0,  275 flc,
51-018,PROSTIGMINE INJ,,,0,amp,0,0,,
51-019,THIOPENTAL,,,40,Flc,0,0,  40 Flc,
51-020,FENTANYL  500MICRO-G/10ML  INJ,,,0,amp,0,0,,
51-021,LIDOCAINE 2% 10ML INJ,,,0,amp,0,0,,
51-022,SEVOFLORANE 250CC,,,0,FL/,0,0,,
51-023,BUPIVACAINE 4ML INJ,,,68,amp,0,0,  68 amp,
51-024,LEXOMIL CP,,,0,cp,0,0,,
51-025,LIDOCAINE 1%  5ML INJ,,,0,AMP,0,0,,
52-001,SGI 5% 500CC,,,1154,U,0,0,  46 Bte+4 U,
52-002,SGH 10% 500 CC,,,1088,flc,0,0,  1088 flc,
52-003,SSH,,,82,INJ,0,0,  82 INJ,
52-004,"SSI 0,9% 100ML",,,513,U,0,0,  20 Bte+13 U,
52-005,SSI 9% 500CC,,,3148,FLC,0,0,  3148 FLC,
52-006,RINGER LACTATE 500 CC,,,871,flc,0,0,  871 flc,
52-007,DNS,,,1624,U,0,0,  1624 U,
52-008,"BICARBONATE 1,4% 500ML",,,0,inj,0,0,,
52-009,SSI 250ML,,,0,U,0,0,,
52-010,SGI 5% 100CC,,,0,U,0,0,,
53-001,ALERID (CETIRIZINE) SIROP 30CC,,,76,Flc,0,0,  76 Flc,
53-002,ALERID CP 10MG,,,2114,CP,0,0,  2114 CP,
53-003,CHLORPHENIRAMINE CP 4MG,,,261,Cp,0,0,  261 Cp,
53-004,DIPHENYDRAMINE 25MG,,,0,CP,0,0,,
53-005,LORATADINE 10MG CP,,,0,CP,0,0,,
53-006,LORATADINE SP,,,0,FLC,0,0,,
53-007,PRIMALAN SIROP,,,0,,0,0,,
53-008,DESLORATADINE 5MG CP,,,2441,CP,0,0,  2441 CP,
53-009,PROMETHAZINE SP,,,0,sp,0,0,,
53-010,CHLORPHENIRAMINE 100ML SP,,,0,sp,0,0,,
53-011,"PROMETHAZINE 12,5MG SUPPO",,,0,sup,0,0,,
53-012,ALERID (CETIRIZINE) SIROP 100ML,,,98,fl,0,0,  98 fl,
59-001,EPHEDRINE 30MG INJ,,,275,amp,0,0,  275 amp,
59-002,EPHEDRINE 50MG INJ,,,0,Amp,0,0,,
59-003,ADRENALINE INJ,,,235,Amp,0,0,  235 Amp,
59-004,DOPAMINE INJ,,,15,amp,0,0,  15 amp,
61-001,CLOMIDE 50MG CP,,,0,cp,0,0,,
61-002,CONFIANCE,,,0,U,0,0,,
61-004,DIU,,,0,pces,0,0,,
61-007,IMPLANON,,,0,pces,0,0,,
61-008,METHYLERGOMETRINE INJ,,,60,Amp,0,0,  60 Amp,
61-010,MISOPROST 200µG CP,,,171,cp,0,0,  171 cp,
61-013,OXYTOCIN 5UI INJ,,,0,amp,0,0,,
61-014,OXYTOCIN INJ 10UI,,,1146,Amp,0,0,  11 Bte+46 Amp,
61-015,PILPLAN CP,,,1770,Cp,0,0,  88 Bte+10 Cp,
61-016,PROGESTERONE RETARD 500MG INJ,,,0,amp,0,0,,
61-017,SALBUTAMOL CP 4 MG,,,0,Cp,0,0,,
61-019,SULFATE DE MAGNESIUM,,,0,AMP,0,0,,
61-020,SYNTOCINON 5UI INJ,,,0,amp,0,0,,
61-021,MICROGYNON CP,,,0,cp,0,0,,
61-022,COMBINATION CP,,,0,plqt,0,0,,
62-001,DEPO-PROVERA INJ,,,1300,amp,0,0,  1300 amp,
62-002,SAYANA INJ,,,0,amp,0,0,,
62-003,LEVOPLANT,,,0,pces,0,0,,
71-001,AMITRIPTILLYNE CP 25 MG,,,1576,cp,0,0,  1576 cp,
71-002,ATARAX25 MG CP,,,526,cp,0,0,  526 cp,
71-003,CHLORPROMAZINE CP 100 MG,,,968,Cp,0,0,  968 Cp,
71-004,CHLORPROMAZINE INJ,,,0,Amp,0,0,,
71-007,MADETONYL SIROP,,,0,FLC,0,0,,
71-008,NOOTROPYL 1200MG AMP BUV,,,0,amp,0,0,,
71-009,NOOTROPYL 800MG CP,,,942,cp,0,0,  942 cp,
71-010,NOOTROPYL SOL BUV 125ML,,,0,FL/,0,0,,
71-011,PHENOBARBITAL 10 MG CP,,,0,cp,0,0,,
71-012,PHENOBARBITAL CP 100 MG,,,0,Cp,0,0,,
71-013,PHENOBARBITAL CP 50 MG,,,2904,Cp,0,0,  2 Bte+904 Cp,
71-014,PHENOBARBITAL SODIQUE 40 MG INJ,,,9,Amp,0,0,  9 Amp,
71-016,NOOTROPYL INJ  1G,,,0,amp,0,0,,
71-018,CARBAMAZAPINE 200MG CP,,,0,cp,0,0,,
71-019,PHYTO-RHUMATISME INFUSION,,,0,sht,0,0,,
72-001,ADALATE 10MG,,,0,CP,0,0,,
72-003,AMLODIPINE CP 10MG,,,5642,cp,0,0,  5642 cp,
72-004,AMLODIPINE CP 5MG,,,4331,cp,0,0,  4331 cp,
72-005,ATENOLOL 100MG CP,,,0,cp,0,0,,
72-006,ATENOLOL CP 50MG,,,1323,cp,0,0,  1323 cp,
72-007,ATORFIT  20MG  CP,,,1449,CP,0,0,  1449 CP,
72-009,CAPTOPRIL CP 25 MG,,,200,Cp,0,0,  2 Bte,
72-010,CAPTOPRIL PLUS CP,,,0,cp,0,0,,
72-012,DIGOXIN CP 25MG,,,0,CP,0,0,,
72-014,ERGOMETRINE CP,,,0,Cp,0,0,,
72-016,LASILIX 40MG CP,,,0,cp/,0,0,,
72-017,LISINOPRIL 10MG CP,,,36,cp,0,0,  36 cp,
72-018,LOSARTAN CP 50,,,494,CP,0,0,  494 CP,
72-019,LOSARTAN-H CP,,,4094,CP,0,0,  4094 CP,
72-020,LOVENOX  8000UI  INJ,,,0,amp,0,0,,
72-021,LOXEN 10MG INJ 10ML,,,88,AMP,0,0,  88 AMP,
72-022,LOXEN 20 CP,,,288,CP,0,0,  288 CP,
72-023,METHYLDOPA CP,,,116,CP,0,0,  116 CP,
72-024,NIFEDIPINE 20MG CP,,,0,CP,0,0,,
72-025,NIFEDIPINE CP 10 MG,,,2101,cp,0,0,  2101 cp,
72-027,PROPRANOLOL CP,,,0,cp,0,0,,
72-029,FUROSEMIDE CP 40 MG,,,1896,Cp,0,0,  1 Bte+896 Cp,
72-030,FUROSEMIDE INJ 40MG,,,457,AMP,0,0,  457 AMP,
72-031,SPIRONOLACTONE 25 MG,,,0,Cp,0,0,,
72-033,HYDROCHLOROTHIAZIDE 25MG CP,,,90,cp,0,0,  90 cp,
72-035,LASILIX 20MG INJ,,,0,amp,0,0,,
72-037,ATORFIT 10MG CP,,,0,cp,0,0,,
72-038,LOXEN CP 50MG,,,0,,0,0,,
72-039,NICARDIPINE CP,,,37,cp,0,0,  37 cp,
72-040,NICARDIPINE 10MG INJ,,,3,amp,0,0,  3 amp,
72-041,CORDARONE 200MG CP,,,0,cp,0,0,,
72-042,ISOSORBIDE DINITRATE 5MG CP,,,0,cp,0,0,,
72-043,DOBUTAMINE 250MG/ 20ML INJ,,,20,amp,0,0,  20 amp,
72-044,ATENOLOL 25MG CP,,,0,cp,0,0,,
72-045,LOVENOX 4000UI INJ,,,0,amp,0,0,,
72-046,INDITOR -SR CP,,,1904,cp,0,0,  1904 cp,
72-047,"DIGOXIN 0,25 INJ",,,60,amp,0,0,  60 amp,
73-001,4FDC (ERHZ 275/150/75/400) CP,,,0,bte,0,0,,
73-003,AMINOPHILLINE CP,,,0,cp,0,0,,
73-004,AMINOPHYLLINE INJ 250 MG,,,0,Amp,0,0,,
73-005,ASTHALIN SPRAY,,,100,Flc,0,0,  100 Flc,
73-006,BECLATE  250 INHALER,,,0,Amp,0,0,,
73-007,CARBOCISTEINE 5% (250/5ML),,,375,FL/,0,0,  375 FL/,
73-008,CARBOCYSTEINE SP 2%,,,155,fl,0,0,  155 fl,
73-009,CHESTON SIROP,,,69,FLC,0,0,  69 FLC,
73-011,EH(400/150) CP,,,0,cp,0,0,,
73-012,ISONIAZIDE 100MG CP,,,0,cp,0,0,,
73-013,MADETUSSYL SP,,,229,fl,0,0,  229 fl,
73-014,RHE CP,,,0,bte,0,0,,
73-015,RIFAMPICIN 150/ISONIASIDE 75 CP,,,0,bte,0,0,,
73-016,RIFAMPICINE 150 ISONIASIDE 75 ET,,,0,cp,0,0,,
73-017,RIMACTAZID PAED (60/30) CP,,,0,cp,0,0,,
73-018,RIMCURE PAED (3-FDC) CP,,,0,cp,0,0,,
73-019,SALBUTAMOL 5MG/2.5ML INJ,,,918,amp,0,0,  918 amp,
73-021,STREPTO 1G INJ,,,0,FL/,0,0,,
73-022,TERPONE ADULTE SP,,,154,sp,0,0,  154 sp,
73-023,TERPONE ENFANT SP,,,7,sp,0,0,  7 sp,
73-024,KOFEX SP,,,103,fl/,0,0,  103 fl/,
73-025,ALBUTEROL AEROSOL,,,0,amp,0,0,,
73-026,MADETUSSYL SP 1000ML,,,0,ml,0,0,,
73-027,PAIDOTERIN 100ML SP,,,39,FL/,0,0,  39 FL/,
73-028,COQUELUSEDAL NOURISSON SUPPO,,,80,sup,0,0,  80 sup,
74-001,ANTI-HEMORROIDAIRE SUPPO,,,145,SUPPO,0,0,  145 SUPPO,
74-002,ANTI-HEMORROIDAIRE  POMMADE 15 G,,,35,Tube,0,0,  35 Tube,
74-003,CYCLO - 3 GELULE,,,437,gel,0,0,  437 gel,
74-004,DAFLON CP,,,0,cp,0,0,,
74-005,NUTRIFIBER SACHETS,,,981,scht,0,0,  981 scht,
75-001,GLIBENCLAMIDE CP,,,0,cp,0,0,,
75-002,GLUMET 500 CP METOFORMINE,,,0,CP,0,0,,
75-003,INSULINE MIXTARD INJ,,,5,amp,0,0,  5 amp,
75-004,GLUMET CP 850MG,,,6064,CP,0,0,  6064 CP,
75-005,INSULINE ORDINAIRE 100 UI /ML,,,9,fl/,0,0,  9 fl/,
75-006,GLYCINORM MR 30 CP,,,1701,cp,0,0,  1701 cp,
76-001,"COLCHICINE 0,5MG CP",,,5,CP,0,0,  5 CP,
76-002,ALLOPURINOL CP 100MG,,,1195,CP,0,0,  1195 CP,
76-003,COLCHICINE 1MG CP,,,996,cp,0,0,  996 cp,
77-001,DICYNONE 500 MG CP,,,744,Cp,0,0,  37 Bte+4 Cp,
77-002,DICYNONE INJ,,,379,Amp,0,0,  379 Amp,
77-003,EXACYL INJ,,,3,INJ,0,0,  3 INJ,
77-004,EXACYL CP,,,0,CP,0,0,,
77-005,VITAMINE K1 INJ 10MG,,,693,AMP,0,0,  693 AMP,
77-006,VITAMINE K1 PEDIATRIQUE INJ,,,0,amp,0,0,,
78-001,CIPROFLOXACINE COLLYRE,,,0,FLC,0,0,,
78-002,"CIROVIN 0,05%  GOUTTE NASAL",,,50,fl/,0,0,  50 fl/,
78-003,"CIROVIN 0,1 % GOUTTE NASAL",,,30,fl/,0,0,  30 fl/,
78-004,ELUDRIL SOLUTION,,,0,Flc,0,0,,
78-006,ELUDRIL SPRAY,,,0,FLC,0,0,,
78-007,CELEPID 10% VERRE 500ML,,,14,FL/,0,0,  14 FL/,
78-008,HEXASPRAY,,,20,fl,0,0,  20 fl,
79-001,LEVOTHYROX 100 UG CP,,,630,cp,0,0,  630 cp,
79-002,LEVOTHYROX 25 UG CP,,,231,Cp,0,0,  231 Cp,
79-003,LEVOTHYROX 150 UG CP,,,410,Cp,0,0,  410 Cp,
79-004,LEVOTHYROX 125 µG CP,,,0,cp,0,0,,
79-005,ACICLOVIR 200MG CP,,,92,CP,0,0,  92 CP,
79-006,CELEMIN 5% VERRE 500ML,,,0,FL/,0,0,,
81-001,BIOFERON SP,,,0,sp,0,0,,
81-002,CALCIPRAT CP 500MG,,,0,cp,0,0,,
81-004,CALCIUM INJ,,,252,Amp,0,0,  2 Bte+52 Amp,
81-005,CIPCAL SIROP,,,0,FLC,0,0,,
81-006,DIFFU K CP,,,200,CP,0,0,  200 CP,
81-007,FER CP,,,3612,CP,0,0,  3612 CP,
81-008,FERROSTRANE,,,0,sp,0,0,,
81-009,FERTOMIDE CP,,,0,cp,0,0,,
81-010,KCL CP,,,0,CP,0,0,,
81-011,KCL 10% INJ,,,0,AMP,0,0,,
81-012,MAGNE-B6 CP,,,1664,CP,0,0,  1664 CP,
81-013,MULTIVITAMIN SIROP 100 CC,,,270,flc,0,0,  270 flc,
81-014,MULTIVITAMINE CP,,,115,Cp,0,0,  115 Cp,
81-015,PRENATAL CP,,,0,cp,0,0,,
81-016,STEROGYL H INJ,,,3,inj,0,0,  3 inj,
81-018,VITAMINE B COMPLEXE CP,,,761,Cp,0,0,  761 Cp,
81-019,VITAMINE B COMPLEXE INJ,,,1154,amp,0,0,  1154 amp,
81-020,VITAMINE B COMPLEXE SIROP 100 CC,,,409,flc,0,0,  409 flc,
81-021,VITAMINE B.6 INJ (PYRIDOXINE),,,0,amp,0,0,,
81-022,VITAMINE B1 (THIAMINE) CP,,,0,cp,0,0,,
81-023,VITAMINE B1 INJ,,,737,AMP,0,0,  737 AMP,
81-024,"VITAMINE B6 CP 250,G",,,0,cp,0,0,,
81-025,"VITAMINE C CP 500,G",,,11433,cp,0,0,  11433 cp,
81-026,VITAMINE C INJ 500MG,,,1692,AMP,0,0,  1692 AMP,
81-027,VITAMINE E 1000 I.U.,,,324,CP,0,0,  324 CP,
81-028,"STEROGYL 15 "" A"" SOL  BUV",,,3,amp,0,0,  3 amp,
81-029,FEDATE 200ML  SP,,,256,sp,0,0,  256 sp,
81-030,FISH OIL,,,0,CP,0,0,,
81-031,MAGNE B6 AMPOULE BUVABLE,,,937,,0,0,937,
81-032,VITAMINE B.12 AMP BUV,,,0,AMP,0,0,,
81-033,MULTI-COMPLEXE CP,,,0,cp,0,0,,
81-034,DUPHASTON 10MG CP,,,0,cp,0,0,,
81-035,KCL 20% INJ,,,0,amp,0,0,,
81-036,PROTORANGE PLUS SP,,,209,FL/,0,0,  209 FL/,
81-037,VITAMINE D3 B.O.N 200000UI INJ,,,15,AMP,0,0,  15 AMP,
81-038,CHLORURE DE MAGNESIUM INJ,,,460,amp,0,0,  460 amp,
81-039,SPIRULINE 25G POUDRE GRANULEE,,,0,sachet,0,0,,
81-040,SULFATE DE ZINC CP,,,600,cp,0,0,  600 cp,
81-041,CA-C1000 CP EFF,,,1508,cp,0,0,  1508 cp,
81-042,VITAMIN C 1000MG+ZINC10MG CP,,,147,cp,0,0,  147 cp,
89-001,ZINGA,,,2,pces,0,0,  2 pces,
89-002,PAPIER ECHO,,,1,roul,0,0,  1 roul,
89-003,SACHET POUR MEDIC,,,0,u,0,0,,
91-001,ALCOOL 90,,,50950,ML,0,0,  50950 ML,
91-004,CLAMP OMBILICAL,,,0,u,0,0,,
91-005,COTON BOULE,,,0,s/,0,0,,
91-006,COTON CARDE,,,58,U,0,0,  58 U,
91-007,COTON TIGE,,,11,U,0,0,  11 U,
91-008,COTOPADS (CARRE DE COTON),,,0,s/,0,0,,
91-009,EAU DISTILLEE 5ML,,,3693,amp,0,0,  3693 amp,
91-010,EAU OXYGENE,,,9,U,0,0,  9 U,
91-011,GALLIA,,,0,U,0,0,,
91-013,IODE FLACON 200CC,,,0,U,0,0,,
91-014,KMNO4   0.50G,,,0,U,0,0,,
91-015,NURSIE 1AGE,,,0,bte,0,0,,
91-016,PLATRE 10CM*2M,,,0,u,0,0,,
91-017,PRE-NURSIE,,,0,bte,0,0,,
91-018,REDON DRAINAGE TUBE(PENROSE),,,24,pces,0,0,  24 pces,
91-019,S.A.T 1500UI,,,39,U,0,0,  39 U,
91-020,SAVON LIQUIDE,,,0,FL/,0,0,,
91-022,SONDE NASOGASTRIQUE  N 16,,,0,pces,0,0,,
91-023,SONDE NASOGASTRIQUE N 18,,,11,pces,0,0,  11 pces,
91-024,SONDE NASOGASTRIQUE N 8,,,24,pces,0,0,  24 pces,
91-026,TALC,,,0,Bte,0,0,,
91-028,ALCOOL 70°C,,,0,ml,0,0,,
91-029,FRANCE LAIT 0-6MOIS,,,0,bte,0,0,,
91-030,EAU DISTILLEE 10ML,,,0,amp,0,0,,
91-031,PLATRE 20CMX2M,,,0,u,0,0,,
91-032,PLATRE 15CM*2M,,,107,u,0,0,  107 u,
91-033,SONDE NASOGASTRIQUE N 20,,,0,pces,0,0,,
91-034,SONDE NASOGASTRIQUE N 12,,,25,pces,0,0,  25 pces,
91-035,PRE-FRANCE LAIT,,,0,BTE,0,0,,
92-001,AIGUIILE 21G,,,800,U,0,0,  800 U,
92-002,AIGUILLE 19G,,,0,U,0,0,,
92-003,AIGUILLE 20G,,,0,U,0,0,,
92-004,AIGUILLE 22G,,,0,U,0,0,,
92-005,AIGUILLE 23G,,,0,U,0,0,,
92-006,AIGUILLE 25G,,,0,U,0,0,,
92-007,AIGUILLE RACHI 22G,,,125,pces,0,0,  125 pces,
92-008,ALCOOL PREP 70%,,,0,PCES,0,0,,
92-009,ALLUMETTE,,,58,b,0,0,  58 b,
92-010,BOROSIN-DAMBA,,,7,pce,0,0,  7 pce,
92-011,BOROSY WC,,,4,pce,0,0,  4 pce,
92-012,CATHETER 16G,,,0,U,0,0,,
92-013,CATHETER 18G (VERT),,,454,U,0,0,  9 Bte+4 U,
92-014,CATHETER 20G( ROSE),,,254,U,0,0,  254 U,
92-015,CATHETER 22G(BLEU),,,709,U,0,0,  709 U,
92-016,CATHETER 24G (JAUNE),,,455,U,0,0,  455 U,
92-017,COMPRESSE 5CM & 5CM,,,0,U,0,0,,
92-018,COMPRESSES COUPEES,,,830,U,0,0,  830 U,
92-019,COMPRESSES ROLL  1KG,,,0,U,0,0,,
92-020,COTON 1KG,,,0,Kg,0,0,,
92-021,DRAINAGE  TUBE N 8,,,0,pces,0,0,,
92-023,GANT D'EXAMAIN LARGE,,,0,u,0,0,,
92-025,GANT D'EXAMAIN SMALL,,,0,u,0,0,,
92-026,GANT D'EXAMEN MEDIUM,,,13300,pces,0,0,  13300 pces,
92-027,"GANT STERIL 6,5",,,55,Pair,0,0,  1 Bte+5 Pair,
92-028,GANT STERIL N.7,,,176,Pair,0,0,  176 Pair,
92-029,"GANT STERIL N.7,5",,,308,Pair,0,0,  308 Pair,
92-030,GANT STERILE N.8,,,0,Pair,0,0,,
92-031,KIFAFA BOZAKA,,,0,pce,0,0,,
92-032,LAMBA  EFAJORO,,,0,U,0,0,,
92-033,LAMBA TELOZORO,,,0,U,0,0,,
92-034,LAME N.10,,,100,U,0,0,  100 U,
92-035,LAME N.12,,,0,U,0,0,,
92-036,LAME N.14,,,0,U,0,0,,
92-037,LAME N.15,,,0,U,0,0,,
92-038,LAME N.20,,,200,U,0,0,  200 U,
92-039,LAME N.21,,,0,pces,0,0,,
92-040,LAME N.22,,,0,U,0,0,,
92-041,PERFUSEUR,,,400,u,0,0,  400 u,
92-042,RASOIR DOUBLE LAME,,,50,pces,0,0,  50 pces,
92-043,SAVON POUDRE,,,1573,s,0,0,  1573 s,
92-044,SERINGUE 10 ML,,,1833,u,0,0,  1833 u,
92-045,SERINGUE 1CC,,,0,U,0,0,,
92-046,SERINGUE 2ML,,,3003,U,0,0,  3003 U,
92-047,SERINGUE 3 ML,,,1,U,0,0,  1 U,
92-048,SERINGUE 5ML,,,3371,U,0,0,  3371 U,
92-049,SERINGUE 60ML,,,22,U,0,0,  22 U,
92-050,SONDE FOLEY 08 FR 2 WAYS,,,0,pces,0,0,,
92-051,SONDE FOLEY 20 FR 3 VOIES,,,0,pces,0,0,,
92-052,SPARADRAP POUR SERUM,,,0,U,0,0,,
92-053,SPARADRAP 2.5CMX5M,,,0,U,0,0,,
92-054,SPARADRAP 10CMX5M,,,0,U,0,0,,
92-055,SPARADRAPS 18CMX5M,,,68,pce,0,0,  68 pce,
92-056,STERIL LAP CHOLE,,,0,PCE,0,0,,
92-057,TAVOAHANGY,,,0,pieces,0,0,,
92-058,TRANSFUSEUR,,,624,U,0,0,  624 U,
92-059,VICRYL 3-0 AA,,,11,pces,0,0,  11 pces,
92-060,VICRYL 4-0 AA,,,0,pces,0,0,,
92-061,COUP ONGLE,,,9,pces,0,0,  9 pces,
92-062,DISSOLVANT,,,5,fl/,0,0,  5 fl/,
92-063,"COMPRESSE 2,  OU  3,  KG DE ROUL",,,8,U,0,0,  8 U,
92-064,GANT STERIL GYNECO,,,58,pair,0,0,  58 pair,
92-065,COTON 500MG,,,104,s/,0,0,  104 s/,
92-066,BANDE VELPEAUNYL,,,14,pces,0,0,  14 pces,
92-067,AIGUILLE 16G,,,0,U,0,0,,
92-068,TUYAU D' ASPIRATION,,,40,pces,0,0,  40 pces,
92-069,AIGUILLE RACHI 25G,,,21,pces,0,0,  21 pces,
93-001,ABSORBENTE POINTE,,,0,B/,0,0,,
93-002,AIGUILLE DENTAIRE,,,0,U,0,0,,
93-003,ALGINATE POUDRE,,,12,s,0,0,  12 s,
93-004,AMALGAM POUDRE,,,0,S/,0,0,,
93-005,AMALGAME PRE DOSE,,,0,CAPS,0,0,,
93-006,ANESTHESIE DE CONTACT,,,0,bte,0,0,,
93-007,ANESTHESIE DE SURFACE,,,0,fl/,0,0,,
93-008,ANESTHESIQUE AVEC ADRENALINE,,,1350,,0,0,1350,
93-009,ANESTHESIQUE SANS ADRENALINE,,,50,amp,0,0,  50 amp,
93-010,ANGLE PROPHYLACTIQUE,,,0,pces,0,0,,
93-011,APHTISOL SOLUTION,,,2,fl/,0,0,  2 fl/,
93-012,BENZOTOP,,,0,bte,0,0,,
93-013,BONDING,,,0,B,0,0,,
93-014,BROCHE POLISEUR PROTHESE,,,0,ROUL,0,0,,
93-015,BROCHETTE PROPHYLACTIQUE,,,0,U,0,0,,
93-016,CARNET DE FACTURATION,,,2,u,0,0,  2 u,
93-017,CIMENT DE CELLEMENTS,,,0,B,0,0,,
93-018,CIRE ROSE,,,15,S,0,0,  15 S,
93-019,COIN DE BOIS INTERD,,,0,bte,0,0,,
93-020,COMPOSITE AUTOPOLYMERISABLE,,,0,B/,0,0,,
93-021,COMPOSITE PHOTOPOLYMERISABLE,,,8,U,0,0,  8 U,
93-022,CONTRE ANGLE,,,0,b,0,0,,
93-023,COPANOL LIQUIDE,,,0,fl,0,0,,
93-024,CORDE POUR TOUR SUSPENDU,,,0,U,0,0,,
93-025,COTON ROLL,,,0,S/,0,0,,
93-026,COURONNE METALLIQUE,,,0,u,0,0,,
93-027,CUPULES PROPHYLACTIQUE,,,0,cp,0,0,,
93-028,DENTS ANTERO-INFERIEUR,,,86,PL/,0,0,  86 PL/,
93-029,DENTS ANTERO-SUPERIEUR,,,20,PL/,0,0,  20 PL/,
93-030,DENTS POSTERO  INFERIEURES,,,33,PL/,0,0,  33 PL/,
93-031,DENTS POSTERO SUPERIEURES,,,31,PL/,0,0,  31 PL/,
93-032,DURELON,,,0,B/,0,0,,
93-033,DYCAL,,,3,u,0,0,  3 u,
93-034,ECTING,,,0,B,0,0,,
93-035,ENDOFIL,,,0,FL/,0,0,,
93-036,ETCHING SOLUTION,,,0,fl,0,0,,
93-037,EUGENOL,,,4,FL/,0,0,  4 FL/,
93-038,FILM RADIO RETRO ALVEOLAIRE,,,100,btes,0,0,  100 btes,
93-039,FIXATEUR,,,0,FL,0,0,,
93-040,FLEXIBLE POUR CONTRE ANGLE,,,0,,0,0,,
93-041,FLUOR GEL TOPIQUE,,,2,FL/,0,0,  2 FL/,
93-042,FORMO CRESOL SOLUTION,,,0,FL/,0,0,,
93-043,FRAISE A TURBINE DIAMANTEE CYLIN,,,0,u,0,0,,
93-044,FRAISE BOULE,,,0,B/,0,0,,
93-045,FRAISE CAVITE ACIER RONDE,,,0,u,0,0,,
93-046,FRAISE POLISSAGE COMPOSITE,,,0,bte,0,0,,
93-047,FRAISE POUR TURBINE,,,0,pces,0,0,,
93-048,GUTTA-PERCHA,,,2500,pces,0,0,  2500 pces,
93-049,HEMOSTATIQUE LIQUIDE,,,58,FL/,0,0,  58 FL/,
93-050,HUILE TURDINE,,,1,FL,0,0,  1 FL,
93-051,INSERT,,,0,B,0,0,,
93-052,IODOFORM 5%,,,0,B/,0,0,,
93-053,LIME N 10,,,0,bte,0,0,,
93-054,LIME N 15,,,0,bte,0,0,,
93-055,LIME N 25,,,0,bte,0,0,,
93-056,LIME N 35,,,0,bte,0,0,,
93-057,MERCURE,,,0,FL/,0,0,,
93-058,MIROIR DENTAIRE (TETE),,,52,u,0,0,  52 u,
93-059,MODE LUX FORME,,,0,B/,0,0,,
93-060,NECRONERVE,,,0,U,0,0,,
93-061,OXYDE DE ZINC,,,2,FL,0,0,  2 FL,
93-062,PAPIER ARTICULE,,,0,B/,0,0,,
93-063,PIERRE PONCE,,,0,s,0,0,,
93-064,POUDRE POUR POLISSAGE,,,0,B/,0,0,,
93-065,PROPHYPASTE,,,2,B/,0,0,  2 B/,
93-066,QUITANET,,,0,S/,0,0,,
93-067,RACLEURS,,,0,B/,0,0,,
93-068,RESINE A CURE LIQUIDE,,,16,FL/,0,0,  16 FL/,
93-069,RESINE A CURE POUDRE,,,9,S/,0,0,  9 S/,
93-070,RESINE AUTOPOLYMERISABLE LIQUIDE,,,0,fl/,0,0,,
93-071,RESINE AUTOPOLYMERISABLE POUDRE,,,1,s,0,0,  1 s,
93-072,REVELATEUR,,,0,FL,0,0,,
93-073,REVELATEUR & FIXATEUR,,,0,FL/,0,0,,
93-074,SPRAY TURBINE,,,0,fl,0,0,,
93-075,STRIPS COMPOSITE,,,0,B/,0,0,,
93-076,TENON A VIS ASSORTIS,,,0,u,0,0,,
93-077,TENON DENTAIRE,,,0,bte,0,0,,
93-078,TIRE-NERF,,,0,B,0,0,,
93-079,TOFFLEMURE,,,0,S/,0,0,,
93-080,UGIVEST POUDRE,,,0,s,0,0,,
93-081,VERNIS ISOLANT,,,11,b,0,0,  11 b,
93-082,VERRES  IONOMERS,,,0,bte,0,0,,
93-083,TURBINE BOUTON 4 TROUS,,,0,bte,0,0,,
93-084,TURBINE A CLE 4 TROUS,,,0,bte,0,0,,
93-085,PATE PROPHYLACTIQUE,,,0,bte,0,0,,
93-086,DISQUE A POLIR JAUNE,,,0,pces,0,0,,
93-087,DISQUE A POLIR NOIR,,,50,pces,0,0,  50 pces,
93-088,VITRO-CEMENT,,,0,coffre,0,0,,
93-089,RESORCEL,,,0,FL/,0,0,,
93-090,ROCKLE'S,,,2,FL/,0,0,  2 FL/,
93-091,BOULETTE HEMOSTATIQUE DENTAIRE,,,0,pces,0,0,,
93-092,VERNIS FLUORE FL/15ML,,,0,FL,0,0,,
93-093,ANTISEPTIQUE CANALAIRE A USAGE D,,,0,FL,0,0,,
93-094,FANDIO,,,0,fl,0,0,,
93-095,VERNIS COPAL F,,,3,bte,0,0,  3 bte,
93-096,BOULETTE HEMOSTATIQUE,,,0,u,0,0,,
93-097,DEVITEC PASTE FOR PULP,,,1,bte,0,0,  1 bte,
93-098,CANULE A SALIVE,,,0,pqt,0,0,,
93-099,BROCHES A CANAUX 015-040,,,0,pces,0,0,,
93-100,LENTULLO POUR CONTRE ANGLE,,,0,u,0,0,,
93-101,TURBINE PIECE A MAIN,,,0,PCES,0,0,,
93-102,GRANULOTEC,,,0,bte,0,0,,
93-103,AMALGAM PRE-DOSE 1DOSE,,,300,dose,0,0,  300 dose,
93-104,AMALGAM PRE-DOSE 2 DOSE,,,150,dose,0,0,  150 dose,
94-001,ABAISSE LANGUE,,,160,U,0,0,  160 U,
94-003,ALEGES (BRC),,,0,u,0,0,,
94-004,BANDE ELASTIQUE,,,0,,0,0,,
94-005,BANDE VELPEAU 25CM,,,2,pces,0,0,  2 pces,
94-006,BEQUILLE,,,0,U,0,0,,
94-008,CHROMIC 0 AA,,,15,u,0,0,  15 u,
94-009,CHROMIC 4-0 AA,,,0,pces,0,0,,
94-010,COMPRESSE ABDO,,,0,U,0,0,,
94-011,CUVETTE,,,0,pces,0,0,,
94-013,GANT N° 6,,,0,U,0,0,,
94-015,GARROT,,,21,PCES,0,0,  21 PCES,
94-016,LAME N.11,,,0,u,0,0,,
94-017,LAME N.24,,,0,pces,0,0,,
94-018,LUBRICANT KY,,,0,U,0,0,,
94-019,NU GAUZE,,,0,PCES,0,0,,
94-020,PDS 0 AA,,,0,pces,0,0,,
94-021,PDS 2-0 AA,,,0,pces,0,0,,
94-022,PLAIN 2-0 AA,,,0,pces,0,0,,
94-023,PROLENE 3-0,,,5,u,0,0,  5 u,
94-024,SAC URINAIRE,,,9,U,0,0,  9 U,
94-026,SERINGUE 50ML,,,0,U,0,0,,
94-027,SILK 2-0 AA,,,0,pces,0,0,,
94-028,SONDE D' ASPIRATION GASTRIQ CH16,,,0,pce,0,0,,
94-029,SONDE FOLEY 06 FR 2 WAYS,,,0,U,0,0,,
94-030,SONDE FOLEY 10 FR 2 WAYS,,,0,U,0,0,,
94-031,SONDE FOLEY 12 FR 2 WAYS,,,18,U,0,0,  18 U,
94-032,SONDE FOLEY 14 FR 2 WAYS,,,0,U,0,0,,
94-033,SONDE FOLEY 16 FR 2 WAYS,,,39,pces,0,0,  39 pces,
94-034,SONDE FOLEY 16 FR 3 WAYS,,,0,U,0,0,,
94-035,SONDE FOLEY 18 FR 2 WAYS,,,0,U,0,0,,
94-036,SONDE FOLEY 18 FR 3 WAYS,,,0,U,0,0,,
94-037,SONDE FOLEY 20 FR 2 WAYS,,,0,U,0,0,,
94-038,SONDE FOLEY 22 FR 2 WAYS,,,0,U,0,0,,
94-039,SONDE FOLEY 22 FR 3 WAYS,,,47,U,0,0,  47 U,
94-040,SONDE FOLEY 24 FR 2 WAYS,,,8,U,0,0,  8 U,
94-041,SONDE FOLEY 24 FR 3 WAYS,,,0,U,0,0,,
94-042,SONDE FOLEY 26 FR 3 WAYS,,,0,U,0,0,,
94-043,SONDE FOLEY 28 FR 2 WAYS,,,0,U,0,0,,
94-044,SONDE FOLEY 30 FR 2 WAYS,,,0,U,0,0,,
94-045,SONDE RECTAL,,,10,pces,0,0,  10 pces,
94-046,THERMOMETRE,,,14,U,0,0,  14 U,
94-047,VICRYL 0 AVEC AIGUILLE,,,0,U,0,0,,
94-048,VICRYL 1 AVEC AIGUILLE,,,972,pces,0,0,  972 pces,
94-049,VICRYL 2-0,,,360,u,0,0,  360 u,
94-050,SERINGUE 20ML,,,98,pces,0,0,  98 pces,
94-051,VICRYL  2  BOBINE,,,0,pces,0,0,,
94-052,COLOSTOMIE,,,0,pces,0,0,,
94-053,SILK O,,,0,pces,0,0,,
94-054,VIS CORTICAL 4CM,,,0,pces,0,0,,
94-055,SONDE ENDOTRACHEALE AVEC PVC 7MM,,,29,pces,0,0,  29 pces,
94-056,SONDE ENDOTRACHEALE AVEC PVC 7.5,,,3,pces,0,0,  3 pces,
94-057,CHROMIC 2-0 AA,,,34,pces,0,0,  34 pces,
94-058,SONDE ENDOTRACHEAL AVEC PVC 6.5M,,,23,pces,0,0,  23 pces,
94-059,SONDE ENDOTRACHEAL AVEC PVC 6MM,,,9,pces,0,0,  9 pces,
94-060,CHROMIC 3-0 AA,,,0,pces,0,0,,
94-061,CAUTERY,,,0,pces,0,0,,
94-062,COMPRESSE 4CM X 4CM,,,0,bte,0,0,,
94-063,NYLON 2-0 AA,,,0,pces,0,0,,
94-064,PLATRE 7.5CM *2M,,,177,u,0,0,  177 u,
94-065,TENSIOMETRE,,,3,U,0,0,  3 U,
94-066,MASQUE LARINGUEE,,,0,pces,0,0,,
95-001,FILM 18-24,,,0,U,0,0,,
95-002,FILM 24-30,,,0,U,0,0,,
95-003,FILM 30-40,,,0,U,0,0,,
95-004,FILM 35-43,,,0,U,0,0,,
95-005,GEL ECHO,,,269,flc,0,0,  13 Bid+9 flc,
95-006,PAPIER ECG,,,7,U,0,0,  7 U,
95-007,X.RAY DEVELOPPER,,,0,U,0,0,,
95-008,X.RAY FIXER,,,0,U,0,0,,
95-009,FILM 20 X 40,,,0,pces,0,0,,
95-010,FILM 25-30,,,200,U,0,0,  200 U,
96-002,AIGUILLE(VACUTEINER),,,1600,U,0,0,  1600 U,
96-003,ALAT,,,1,bte,0,0,  1 bte,
96-004,AMIBIASE,,,0,bte,0,0,,
96-005,ANTI-A,,,4,fl/,0,0,  4 fl/,
96-006,ANTI-AB,,,20,fl/,0,0,  20 fl/,
96-007,ANTI-B,,,12,fl/,0,0,  12 fl/,
96-008,ANTI-D,,,7,fl/,0,0,  7 fl/,
96-009,ASAT,,,2,bte,0,0,  2 bte,
96-010,ASLO,,,6,bte,0,0,  6 bte,
96-012,BANDELETTE U 11 PARAMETRES,,,7,,0,0,7,
96-013,BILHARZIOSE,,,0,test,0,0,,
96-014,BILHARZIOSE FUMOUZE,,,2,bte,0,0,  2 bte,
96-015,BILIRUBIN TOTAL&DIRECT),,,1,B/,0,0,  1 B/,
96-016,BLOOD BAG,,,170,U,0,0,  17 SAC,
96-017,CALCIUM LABO,,,1,bte,0,0,  1 bte,
96-018,MULTICALIBRATOR,,,2,fl/,0,0,  2 fl/,
96-019,CFL LYSE,,,0,fl,0,0,,
96-020,CHLAMYDIA,,,0,bte,0,0,,
96-021,CHLORIDE,,,5,bte,0,0,  5 bte,
96-022,CHOLESTEROL HDL,,,4,bte,0,0,  4 bte,
96-023,CHOLESTEROL LDL,,,4,bte,0,0,  4 bte,
96-024,CIRE,,,0,PCES,0,0,,
96-025,CREATININE,,,0,bte,0,0,,
96-026,CRP,,,6,bte,0,0,  6 bte,
96-027,CUVE,,,5,bte,0,0,  5 bte,
96-028,CYSTICERCOSE,,,4,test,0,0,  4 test,
96-030,EMBOUT BLEU,,,10,u,0,0,  10 u,
96-031,EMBOUT JAUNE,,,9,u,0,0,  9 u,
96-035,FLAVICHECK  HCV,,,0,bte,0,0,,
96-036,GLUCOSE KIT,,,1,bte,0,0,  1 bte,
96-038,I.S.E PACK,,,0,bte,0,0,,
96-039,IODE DE GRAM,,,1,fl/,0,0,  1 fl/,
96-040,LAME PORTE OBJET,,,8,B/,0,0,  8 B/,
96-041,LAMELLE,,,14,P/,0,0,  14 P/,
96-043,M-LYZE,,,0,FL/,0,0,,
96-044,CONTROLE ABNORMAL,,,3,bte,0,0,  3 bte,
96-045,PAPIER LABO,,,22,PCES,0,0,  22 PCES,
96-048,POTASSIUM LABO,,,0,bte,0,0,,
96-049,PROBE CLEANSER,,,3,fl,0,0,  3 fl,
96-051,RPR,,,0,bte,0,0,,
96-052,SAFRANINE SOLUTION,,,0,fl/,0,0,,
96-053,SODIUM,,,6,bte,0,0,  6 bte,
96-055,TEST DE GROSSESSE,,,94,U,0,0,  94 U,
96-056,TIPHI O,,,12,fl/,0,0,  12 fl/,
96-057,TIPHI-H,,,8,FL/,0,0,  8 FL/,
96-058,TOXO IGG,,,3,bte,0,0,  3 bte,
96-059,TOXO IGM,,,75,bte,0,0,  75 bte,
96-060,TOXOGENE,,,0,bte,0,0,,
96-062,TUBE ROUGE,,,25,Pqt/,0,0,  25 Pqt/,
96-063,TUBE VERT,,,0,PQT/,0,0,,
96-064,TUBE VIOLET,,,25,PQT/,0,0,  25 PQT/,
96-065,TYPHI-H,,,5,fl/,0,0,  5 fl/,
96-067,UREA,,,1,bte,0,0,  1 bte,
96-068,UREA BUN,,,0,B,0,0,,
96-069,URIC ACIDE,,,2,bte,0,0,  2 bte,
96-071,VIOLET DE GENTIANE SOLUTION,,,0,fl/,0,0,,
96-072,VIRUCHECK,,,0,B/,0,0,,
96-074,MAGNESIUM LABO,,,3,btes,0,0,  3 btes,
96-075,CHOLESTEROL  400ML,,,2,bte,0,0,  2 bte,
96-076,DILUENT M-52D,,,11,bte,0,0,  11 bte,
96-077,M-52 LH LYSE 100ML,,,12,FL/,0,0,  12 FL/,
96-078,M-52 DIFF LYSE 500ML,,,7,FL/,0,0,  7 FL/,
96-079,GLUCOMETRE LABO,,,0,u,0,0,,
96-080,BANDELETTE POUR GLUCOMETRE,,,142,u,0,0,  142 u,
96-081,SYPHILIS CASSETTE,,,40,pces,0,0,  40 pces,
96-082,HEPATITE B HBSAG CASSETTE,,,80,pces,0,0,  80 pces,
96-083,HEPATITE C HCV CASSETTE,,,120,pces,0,0,  120 pces,
96-087,EMBOUT BLANC,,,2,sachet,0,0,  2 sachet,
96-088,VIH BANDELETTE OU HIV,,,100,unite,0,0,  100 unite,
96-089,TEST COVID ( SARS-COV-2),,,21,u,0,0,  21 u,
96-090,UNIPLASTIN TP,,,0,bte,0,0,,
96-091,LAMPE HALOGENE 10W AVEC BA-88A,,,0,pces,0,0,,
96-092,CALCIUM CHLORIDE,,,7,bte,0,0,  7 bte,
96-093,TRIGLICERIDE,,,2,bte,0,0,  2 bte,
96-094,FINECARE HBA1C RAPID,,,2,BTE,0,0,  2 BTE,
96-095,FIBROQUANT,,,1,bte,0,0,  1 bte,
96-096,LIQUICELIN-E,,,1,bte,0,0,  1 bte,
96-097,PLASMATROL H1,,,2,bte,0,0,  2 bte,
96-098,HUILE IMMERSION,,,4,fl,0,0,  4 fl,
96-099,TUBE BLEU,,,8,pqt,0,0,  8 pqt,
96-100,PLASMATROL H2,,,2,bte,0,0,  2 bte,
97-001,BOKY BE ( DR),,,0,U,0,0,,
97-002,CAHIER 100P,,,3,U,0,0,  3 U,
97-003,CAHIER 200PG,,,9,U,0,0,  9 U,
97-004,CAHIER 50P,,,0,U,0,0,,
97-005,CAHIER BROCHURE,,,15,U,0,0,  15 U,
97-006,CRAYON A BOIS,,,2,U,0,0,  2 U,
97-007,FICHE MALADIE JAUNE,,,40,U,0,0,  40 U,
97-008,FICHE MALADIE ROSE,,,0,U,0,0,,
97-009,FICHE MALADIE VERT,,,130,U,0,0,  130 U,
97-010,GOMME,,,1,U,0,0,  1 U,
97-011,REGISTRE MATERNITE,,,10,U,0,0,  10 U,
97-012,REGLE GRADUEE,,,2,pcs,0,0,  2 pcs,
97-013,STYLO BLEU,,,112,U,0,0,  112 U,
97-014,STYLO NOIRE,,,4,U,0,0,  4 U,
97-015,STYLO ROUGE,,,88,U,0,0,  88 U,
97-016,STYLO VERT,,,46,U,0,0,  46 U,
97-017,BAC A ORDURE,,,0,pces,0,0,,
97-018,FIBROSCREEN,,,3,bte,0,0,  3 bte,
98-001,AMPOULE  NEON  COURT  LED,,,3,pces,0,0,  3 pces,
98-002,AMPOULE  NEON  LONG  LED,,,14,pces,0,0,  14 pces,
98-003,AMPOULE 220 V  TSOTRA,,,1,pces,0,0,  1 pces,
98-004,AMPOULE VEILLEUSE LED TSOTRA,,,0,U,0,0,,
98-005,AMPOULE VEILLEUSE TSOTRA LED,,,10,pces,0,0,  10 pces,
98-006,AMPOULE 220V-100W A VIS,,,8,U,0,0,  8 U,
98-009,AMPOULE NEON 120,,,0,U,0,0,,
98-010,AMPOULE VEILLEUSE BE VODY,,,7,U,0,0,  7 U,
98-011,BAG PLASTIQUE,,,0,U,0,0,,
98-012,EAU DE JAVEL,,,96,FL/,0,0,  96 FL/,
98-013,KOFEHY FOTSY,,,3,u,0,0,  3 u,
98-014,PAPIER HYGIENIQUE,,,405,U,0,0,  405 U,
98-015,PELE A MAIN,,,0,U,0,0,,
98-016,PORTE SAVON,,,10,u,0,0,  10 u,
98-017,SAVON DETOILETTE,,,37,U,0,0,  37 U,
98-018,SAVON DETOILETTE KELY,,,7,U,0,0,  7 U,
98-019,SAVON MORCEAU,,,287,U,0,0,  287 U,
98-020,SERPILLERE,,,26,U,0,0,  26 U,
98-021,SIPREX,,,12,U,0,0,  12 U,
98-022,VIM,,,9,FL/,0,0,  9 FL/,
98-023,SAVON NOSY,,,36,pces,0,0,  36 pces,
98-024,ACIDE CHLORHIDRIQUE,,,8,FL/,0,0,  8 FL/,
98-025,SEAU,,,4,pces,0,0,  4 pces,
98-026,AMPOULE VEILLEUSE KELY VODY,,,7,U,0,0,  7 U,
98-027,SERVIETTE,,,0,pce,0,0,,
98-028,SERUM DE CONTROL HUMAN,,,0,bte,0,0,,
98-029,ULTRA BRILLANT,,,0,Fl,0,0,,
99-001,MORPHINE INJ,,,0,amp,0,0,,
